id,categoryName,groupName,productName,price,durationMinutes,branchId,branchName,productCategoryId,productGroupId,description,isActive
1,시현하다 베이직,유아동,여권사진,55000,15,,,,,,
2,시현하다 베이직,유아동,비자사진,55000,15,,,,,,
4,시현하다 베이직,청소년,여권사진,55000,15,,,,,,
5,시현하다 베이직,청소년,비자사진,55000,15,,,,,,
6,시현하다 베이직,청소년,자격증사진,55000,15,,,,,,
7,시현하다 베이직,청소년,주민등록증사진,55000,15,,,,,,
8,시현하다 베이직,청소년,학생증사진,55000,15,,,,,,
11,시현하다 베이직,청년,여권사진,55000,15,,,,,,
12,시현하다 베이직,청년,비자사진,55000,15,,,,,,
13,시현하다 베이직,청년,자격증사진,55000,15,,,,,,
14,시현하다 베이직,청년,주민등록증사진,55000,15,,,,,,
15,시현하다 베이직,청년,운전면허증,55000,15,,,,,,
18,시현하다 베이직,중장년,여권사진,55000,15,,,,,,
19,시현하다 베이직,중장년,비자사진,55000,15,,,,,,
20,시현하다 베이직,중장년,자격증사진,55000,15,,,,,,
21,시현하다 베이직,중장년,주민등록증사진,55000,15,,,,,,
22,시현하다 베이직,중장년,운전면허증,55000,15,,,,,,
25,시현하다 오리지널,유아동,백일사진,70000,15,,,,,,
26,시현하다 오리지널,유아동,돌사진,70000,15,,,,,,
27,시현하다 오리지널,유아동,성장사진,70000,15,,,,,,
28,시현하다 오리지널,유아동,유치원생사진,70000,15,,,,,,
32,시현하다 오리지널,청소년,초등학생사진,70000,15,,,,,,
33,시현하다 오리지널,청소년,중학생사진,70000,15,,,,,,
34,시현하다 오리지널,청소년,고등학생사진,70000,15,,,,,,
40,시현하다 오리지널,청년,졸업사진,70000,15,,,,,,
43,시현하다 오리지널,청년,모바일청첩장사진,70000,15,,,,,,
44,시현하다 오리지널,청년,생일기념사진,70000,15,,,,,,
101,시현하다 오리지널,유아동,가족사진,200000,30,,,,,,
102,시현하다 오리지널,청소년,가족사진,200000,30,,,,,,
103,시현하다 오리지널,청년,가족사진,200000,30,,,,,,
104,시현하다 오리지널,유아동,애착인형사진,70000,15,,,,,,
105,시현하다 오리지널,청소년,예체능프로필,70000,15,,,,,,
106,시현하다 오리지널,청소년,SNS프로필,70000,15,,,,,,
107,시현하다 오리지널,청소년,우정사진,200000,30,,,,,,
108,시현하다 오리지널,청소년,형제자매남매사진,200000,30,,,,,,
109,시현하다 오리지널,청년,취미사진,70000,15,,,,,,
110,시현하다 오리지널,청년,만삭가족사진,200000,30,,,,,,
111,시현하다 오리지널,청년,SNS프로필,70000,15,,,,,,
112,시현하다 오리지널,청년,바디프로필,70000,15,,,,,,
113,시현하다 오리지널,청년,아티스트프로필,70000,15,,,,,,
114,시현하다 오리지널,청년,프로페셔널프로필,70000,15,,,,,,
115,시현하다 오리지널,청년,유니폼사진,70000,15,,,,,,
116,시현하다 오리지널,청년,전역기념사진,70000,15,,,,,,
117,시현하다 오리지널,청년,한복사진,70000,15,,,,,,
118,시현하다 오리지널,청년,우정사진,200000,30,,,,,,
119,시현하다 오리지널,청년,커플사진,200000,30,,,,,,
120,시현하다 오리지널,청년,세미웨딩사진,200000,30,,,,,,
121,시현하다 오리지널,중장년,SNS프로필,70000,15,,,,,,
122,시현하다 오리지널,중장년,효도사진,70000,15,,,,,,
123,시현하다 오리지널,중장년,은퇴기념사진,70000,15,,,,,,
124,시현하다 오리지널,중장년,장인프로필,70000,15,,,,,,
125,시현하다 오리지널,중장년,장수사진,70000,15,,,,,,
126,시현하다 오리지널,중장년,가족사진,200000,30,,,,,,
127,시현하다 오리지널,중장년,우정사진,200000,30,,,,,,
128,시현하다 오리지널,중장년,커플사진,200000,30,,,,,,
129,시현하다 베이직,청년,이력서사진,55000,15,,,,,,
130,시현하다 베이직,청년,사원증사진,55000,15,,,,,,
131,가정의달 기획전(~6/30),청년,우리가족 패키지,400000,30,,,,,,
132,가정의달 기획전(~6/30),유아동,아이의 순간 9컷 패키지,300000,30,,,,,,
133,가정의달 기획전(~6/30),중장년,효도드림 패키지,250000,30,,,,,,
134,가정의달 기획전(~6/30),청년,빈티지 세미웨딩,370000,60,,,,,,
135,가정의달 기획전(~6/30),청년,아이의 순간 9컷 패키지,300000,30,,,,,,
136,가정의달 기획전(~6/30),청년,효도드림 패키지,250000,30,,,,,,
137,시현하다 프리미엄,청년,내추럴,200000,30,,,,,,
138,시현하다 프리미엄,청년,시네마틱,200000,30,,,,,,
139,시현하다 프리미엄,청년,클리어,200000,30,,,,,,
142,시현하다 프리미엄,청소년,내추럴,200000,30,,,,,,
143,시현하다 프리미엄,중장년,내추럴,200000,30,,,,,,
145,시현하다 프리미엄,청소년,시네마틱,200000,30,,,,,,
146,시현하다 프리미엄,중장년,시네마틱,200000,30,,,,,,
148,시현하다 프리미엄,청소년,클리어,200000,30,,,,,,
149,시현하다 프리미엄,중장년,클리어,200000,30,,,,,,
160,시현하다 오리지널,청년,오늘의기록,70000,15,,,,,,
161,시현하다 오리지널,청년,PR사진,70000,15,,,,,,
162,시현하다 베이직,청년,학생증사진,55000,15,,,,,,
163,시현하다 오리지널,청년,만삭사진,70000,15,,,,,,
164,시현하다 오리지널,청년,형제자매남매사진,200000,30,,,,,,
165,시현하다 오리지널,중장년,테스트페이지,10000,45,,,,,,
166,가정의달 기획전(~6/30),청년,test,333,60,,,,,,
